{"cameraMode":{"drawMode":2,"name":"Shaded Wireframe","section":"Shading Mode"},"sceneLighting":false,"audioPlay":false,"sceneViewState":{"showFog":true,"showMaterialUpdate":false,"showSkybox":true,"showFlares":true,"showImageEffects":true,"showParticleSystems":true},"in2DMode":false,"pivot":{"x":-0.07303810119628906,"y":1.3505859375,"z":-0.32260799407958987},"rotation":{"x":0.36173343658447268,"y":-0.45968198776245119,"z":0.21244141459465028,"w":0.7827580571174622},"size":6.477890491485596,"orthographic":true}