{"cameraMode":{"drawMode":0,"name":"Shaded","section":"Shading Mode"},"sceneLighting":true,"audioPlay":false,"sceneViewState":{"showFog":true,"showMaterialUpdate":false,"showSkybox":true,"showFlares":true,"showImageEffects":true,"showParticleSystems":true},"in2DMode":false,"pivot":{"x":1.092529296875,"y":3.3896484375,"z":1.8376951217651368},"rotation":{"x":-0.42543721199035647,"y":-0.05748607963323593,"z":0.02708544209599495,"w":-0.9027541279792786},"size":323.7424621582031,"orthographic":true}