{"cameraMode":{"drawMode":0,"name":"Shaded","section":"Shading Mode"},"sceneLighting":true,"audioPlay":false,"sceneViewState":{"showFog":true,"showMaterialUpdate":false,"showSkybox":true,"showFlares":true,"showImageEffects":true,"showParticleSystems":true},"in2DMode":false,"pivot":{"x":-2.564006805419922,"y":-0.7265663146972656,"z":-2.9404234886169435},"rotation":{"x":0.14911215007305146,"y":0.8504546880722046,"z":-0.34155037999153139,"w":0.3712623119354248},"size":19.02056121826172,"orthographic":true}